listing_id,listing_url,name
241032,https://www.airbnb.com/rooms/241032,Stylish Queen Anne Apartment
953595,https://www.airbnb.com/rooms/953595,Bright & Airy Queen Anne Apartment
3308979,https://www.airbnb.com/rooms/3308979,New Modern House-Amazing water view
7421966,https://www.airbnb.com/rooms/7421966,Queen Anne Chateau
278830,https://www.airbnb.com/rooms/278830,Charming craftsman 3 bdm house
5956968,https://www.airbnb.com/rooms/5956968,Private unit in a 1920s mansion
1909058,https://www.airbnb.com/rooms/1909058,Queen Anne Private Bed and Bath
856550,https://www.airbnb.com/rooms/856550,Tiny Garden cabin on Queen Anne  
4948745,https://www.airbnb.com/rooms/4948745,Urban Charm || Downtown || Views
2493658,https://www.airbnb.com/rooms/2493658,Airy + Bright Queen Anne Apartment
175576,https://www.airbnb.com/rooms/175576,Private Apartment - Queen Anne Hill
4454295,https://www.airbnb.com/rooms/4454295,Upper Queen Anne Craftsman House
3883392,https://www.airbnb.com/rooms/3883392,Open Plan 2bdr/1bath in Queen Anne
8889257,https://www.airbnb.com/rooms/8889257,Elegance in Historic Queen Anne
5680462,https://www.airbnb.com/rooms/5680462,Stunning 6 bd in THE BEST Location!
8988178,https://www.airbnb.com/rooms/8988178,"Lovely Queen Anne Cottage, 2 BR"
3245876,https://www.airbnb.com/rooms/3245876,Park Life in Lower Queen Anne
4933447,https://www.airbnb.com/rooms/4933447,"Private Garden Suite, Bay View"
7735464,https://www.airbnb.com/rooms/7735464,Queen Anne Getaway Near Seattle!
6291829,https://www.airbnb.com/rooms/6291829,Grand Craftsman Home on Queen Anne
9218403,https://www.airbnb.com/rooms/9218403,Queen Anne View One Bedroom
4125779,https://www.airbnb.com/rooms/4125779,Cozy Queen Anne Finished Basement
8942678,https://www.airbnb.com/rooms/8942678,Lovely Queen Anne home
10106055,https://www.airbnb.com/rooms/10106055,"Cozy Lower Level, Upper Queen Anne"
6362362,https://www.airbnb.com/rooms/6362362,Charming home on Queen Anne
3544550,https://www.airbnb.com/rooms/3544550,VIEW-Monthly Rental Available
9025039,https://www.airbnb.com/rooms/9025039,Cute Bungalow-Close to Everything!
3200646,https://www.airbnb.com/rooms/3200646,Micro Gypsy Wagon on Queen Anne
8859380,https://www.airbnb.com/rooms/8859380,STUNNING VIEW of Puget Sound
4520099,https://www.airbnb.com/rooms/4520099,Open Airy Queen Anne Condo
2481869,https://www.airbnb.com/rooms/2481869,Airy + Bright Queen Anne Cottage
1110749,https://www.airbnb.com/rooms/1110749,Queen Anne 3 bed near everything
5978498,https://www.airbnb.com/rooms/5978498,1914 Stunner View Ocean Mountain
5021081,https://www.airbnb.com/rooms/5021081,Seattle Queen Anne Beauty
1686930,https://www.airbnb.com/rooms/1686930,The Hideaway- Queen Anne/downtown
7680289,https://www.airbnb.com/rooms/7680289,QUEEN ANNE VIEW ONE! - SEATTLE
7207641,https://www.airbnb.com/rooms/7207641,"URBAN SANCTUARY, 3BR, QUEEN ANNE"
5062445,https://www.airbnb.com/rooms/5062445,Cozy Homebase Close to Downtown
8925878,https://www.airbnb.com/rooms/8925878,VIEW QUEEN ANNE! - VINTAGE SEATTLE
6389657,https://www.airbnb.com/rooms/6389657,Cute little Seattle Studio!
4218733,https://www.airbnb.com/rooms/4218733,Walker's Dream on Queen Anne Hill
2715623,https://www.airbnb.com/rooms/2715623,"DARLING VINTAGE COTTAGE, QUEEN ANNE"
1392332,https://www.airbnb.com/rooms/1392332,Modern Eco-Friendly View Retreat
7308567,https://www.airbnb.com/rooms/7308567,Beautiful 1 Bedrm in Queen Anne
6575380,https://www.airbnb.com/rooms/6575380,One bedroom with Lounge
6004058,https://www.airbnb.com/rooms/6004058,LOWER QUEEN ANNE STUDIO W/PATIO
9550869,https://www.airbnb.com/rooms/9550869,Queen Anne Craftsman
8515408,https://www.airbnb.com/rooms/8515408,Queen Anne Hill Craftsman studio
5383192,https://www.airbnb.com/rooms/5383192,Craftsman House Near Everything
1112092,https://www.airbnb.com/rooms/1112092,Seattle Backyard Cottage-Queen Anne
7772661,https://www.airbnb.com/rooms/7772661,:: Carriage House :: Queen Anne ::
9254900,https://www.airbnb.com/rooms/9254900,STUDIO APARTMENT WITH A VIEW
7714294,https://www.airbnb.com/rooms/7714294,Top Floor Apt. W/ Spectacular View!
10310373,https://www.airbnb.com/rooms/10310373,"Cozy, cute, Queen Anne living"
9368342,https://www.airbnb.com/rooms/9368342,"Beautiful, Modern Townhouse"
6361863,https://www.airbnb.com/rooms/6361863,Located in the heart of Queen Anne
8105221,https://www.airbnb.com/rooms/8105221,Cozy room in Modern Queen Anne Home
3269390,https://www.airbnb.com/rooms/3269390,Stand alone Guest Cottage
4566393,https://www.airbnb.com/rooms/4566393,Beautiful West Queen Anne Craftsman
9282409,https://www.airbnb.com/rooms/9282409,Bright & Airy room w/ $1M views
8095168,https://www.airbnb.com/rooms/8095168,Private room in upper QA w/ view!
2746782,https://www.airbnb.com/rooms/2746782,Suite Garage on Queen Anne
6424982,https://www.airbnb.com/rooms/6424982,Peaceful Queen Anne Getaway
762029,https://www.airbnb.com/rooms/762029,Hand crafted Gypsy Wagon with heart
8988281,https://www.airbnb.com/rooms/8988281,Cozy 2 BR/1 BA Queen Anne Home
7077910,https://www.airbnb.com/rooms/7077910,"Modern Townhouse, Heart of Ballard!"
3772674,https://www.airbnb.com/rooms/3772674,Cozy Ballard Apartment
7021906,https://www.airbnb.com/rooms/7021906,Plum Modern - 5 bdrm Tranquility
7618605,https://www.airbnb.com/rooms/7618605,1BR-Ultra Hip Ballard-Walk to Bars!
10234558,https://www.airbnb.com/rooms/10234558,Cozy BR in heart of lively Ballard
7021702,https://www.airbnb.com/rooms/7021702,"Modern, Cozy 1 Bedroom Apartment"
7680439,https://www.airbnb.com/rooms/7680439,Urban cottage in heart of Ballard
4258515,https://www.airbnb.com/rooms/4258515,**Be in the MIDDLE OF EVERYTHING!*
1148517,https://www.airbnb.com/rooms/1148517,Cute Cottage in Sunny Ballard
2487892,https://www.airbnb.com/rooms/2487892,Two blocks from downtown Ballard
3038772,https://www.airbnb.com/rooms/3038772,"Cozy Private Room, Bath and Patio"
699460,https://www.airbnb.com/rooms/699460,Ballard Artist's Studio
4085439,https://www.airbnb.com/rooms/4085439,Historic Ballard House
8053990,https://www.airbnb.com/rooms/8053990,Nautical Bedroom in Modern House
7011773,https://www.airbnb.com/rooms/7011773,Pull out couch in garage
2467550,https://www.airbnb.com/rooms/2467550,Tiny Ballard House Near Transit
2686374,https://www.airbnb.com/rooms/2686374,Bunkhouse Topbunk/Airstream Retreat
1956274,https://www.airbnb.com/rooms/1956274,Sweet Ballard Apartment for Two
8537192,https://www.airbnb.com/rooms/8537192,Charming Old Ballard Bungalow (2/2)
5919096,https://www.airbnb.com/rooms/5919096,Ballard Victorian 900 sq ft apt
6516529,https://www.airbnb.com/rooms/6516529,"One-bedroom Apartment, Ballard"
3294243,https://www.airbnb.com/rooms/3294243,Beautiful Ballard condo with view!
10210971,https://www.airbnb.com/rooms/10210971,Bedroom & private bath in Ballard
3584790,https://www.airbnb.com/rooms/3584790,2 Bedrm Apt in the heart of Ballard
1266459,https://www.airbnb.com/rooms/1266459,Pretty Condo in Downtown Ballard
9098059,https://www.airbnb.com/rooms/9098059,Loft bedroom & art studio
408526,https://www.airbnb.com/rooms/408526,Chic 3 bed 4 bath Ballard townhome
4118282,https://www.airbnb.com/rooms/4118282,"Private, clean, spacious Townhome"
6813483,https://www.airbnb.com/rooms/6813483,Victorian Charm in Heart of Ballard
6590264,https://www.airbnb.com/rooms/6590264,Modern Ballard Apt 4 Tech Travlers
2650482,https://www.airbnb.com/rooms/2650482,Modern family home in Old Ballard
20927,https://www.airbnb.com/rooms/20927,Cottage in the Heart of Ballard
4395578,https://www.airbnb.com/rooms/4395578,Ballard Townhome - Pet Friendly!
4995903,https://www.airbnb.com/rooms/4995903,Ballard Cottage with Loft
5549211,https://www.airbnb.com/rooms/5549211,Plum Apartment
8240758,https://www.airbnb.com/rooms/8240758,Spacious Ballard Apt: Walk to All!
6856295,https://www.airbnb.com/rooms/6856295,Pvt. Entrance Bedroom&Bath-Ballard
6881188,https://www.airbnb.com/rooms/6881188,Ballard Townhouse Near The Locks
1579615,https://www.airbnb.com/rooms/1579615,"Ballard, Seattle Cozy Studio Apt."
3766866,https://www.airbnb.com/rooms/3766866,Condo in Hip Ballard WALK
2406966,https://www.airbnb.com/rooms/2406966,Renovated 2 bedroom in old Ballard
4872699,https://www.airbnb.com/rooms/4872699,Large Home in Historical Ballard
5470629,https://www.airbnb.com/rooms/5470629, Ballard Garden Apartment
2950213,https://www.airbnb.com/rooms/2950213,Entire artist's  apt in hip hood
9015088,https://www.airbnb.com/rooms/9015088,Spacious condo with gorgeous views
3979496,https://www.airbnb.com/rooms/3979496,Large bright room & TV in Seattle
7501919,https://www.airbnb.com/rooms/7501919,Apartment in Downtown Ballard
4732995,https://www.airbnb.com/rooms/4732995,Urban Oasis in the Heart of Ballard
7134759,https://www.airbnb.com/rooms/7134759,Master in Modern Townhouse
4532538,https://www.airbnb.com/rooms/4532538,Classic old Ballard home
7534398,https://www.airbnb.com/rooms/7534398,Private bedroom in heart of Ballard
9387189,https://www.airbnb.com/rooms/9387189,Party Central Studio on Ballard Ave
6337492,https://www.airbnb.com/rooms/6337492,Nice 1 bedroom apartment in Ballard
10231701,https://www.airbnb.com/rooms/10231701,Private room & bath- Ballard
1609922,https://www.airbnb.com/rooms/1609922,Cute Cozy Townhome in Old Ballard
4236723,https://www.airbnb.com/rooms/4236723,Ballard Bunkhouse - Bottom Bunk
7843837,https://www.airbnb.com/rooms/7843837,Charming Ballard Apartment
3076065,https://www.airbnb.com/rooms/3076065,Foodie Paradise near DT Seattle 
6423204,https://www.airbnb.com/rooms/6423204,Charming 1919 cottage in Ballard
8338849,https://www.airbnb.com/rooms/8338849,Charming Old Ballard bungalow
6401209,https://www.airbnb.com/rooms/6401209,Plum House - 4 bdrm Ballard luxury
20928,https://www.airbnb.com/rooms/20928,Victorian in the Heart of Ballard
3344977,https://www.airbnb.com/rooms/3344977,Private room blocks to DT Ballard
7604621,https://www.airbnb.com/rooms/7604621,Heart of Ballard private room
3303978,https://www.airbnb.com/rooms/3303978,Private 1BR apartment with kitchen
7067082,https://www.airbnb.com/rooms/7067082,Ballard Loft-crash pad
3121829,https://www.airbnb.com/rooms/3121829,Kid friendly townhouse near it all 
2539881,https://www.airbnb.com/rooms/2539881,Sunny Ballard Near Everthing
3678718,https://www.airbnb.com/rooms/3678718,Odd Lodging in the Heart of Ballard
4694479,https://www.airbnb.com/rooms/4694479,Cozy Room in Heart of Ballard
6646843,https://www.airbnb.com/rooms/6646843,Sweet North Central Flat
1364440,https://www.airbnb.com/rooms/1364440,Ballard Mid-Century Apartment Room
1781873,https://www.airbnb.com/rooms/1781873,Fremont View Apartment
4138423,https://www.airbnb.com/rooms/4138423, Sunny Ballard Digs
5562674,https://www.airbnb.com/rooms/5562674,Walk Ballard! Bright Basement 2Bdrm
1789341,https://www.airbnb.com/rooms/1789341,Modern Classic~Convenient~Priv Home
4672934,https://www.airbnb.com/rooms/4672934,Modern 3BR Freestanding Townhouse
4550099,https://www.airbnb.com/rooms/4550099,Brand-New 3BR/3BA Home w/ Roof-View
1198799,https://www.airbnb.com/rooms/1198799,A Friendly Place in Ballard
5308429,https://www.airbnb.com/rooms/5308429,Entire Private Floor:Bed&Bath Suite
2769088,https://www.airbnb.com/rooms/2769088,Rooftop Olympic View 4m Sunny Loft 
7603135,https://www.airbnb.com/rooms/7603135,Ballard Bungalow
9374365,https://www.airbnb.com/rooms/9374365,Gorgeous Townhome Private Room
6106498,https://www.airbnb.com/rooms/6106498,Home sweet home-away-from home!
9331449,https://www.airbnb.com/rooms/9331449,Gorgeous Townhome Main Bdrm+Balcony
8799162,https://www.airbnb.com/rooms/8799162,Ballard studio w kitchen & bath
4317390,https://www.airbnb.com/rooms/4317390,Comfort in Ballard/Fremont for 8!
3884851,https://www.airbnb.com/rooms/3884851,Large room in Ballard neighborhood 
3155785,https://www.airbnb.com/rooms/3155785,Artists' Retro Duplex in Ballard
9368517,https://www.airbnb.com/rooms/9368517,La Petite Casa Grande in Fremont
5643240,https://www.airbnb.com/rooms/5643240,Cozy 1BD in Storybook Ballard Home
5042014,https://www.airbnb.com/rooms/5042014,BALLARD ART
7724630,https://www.airbnb.com/rooms/7724630,Artist's Retro Duplex
9449437,https://www.airbnb.com/rooms/9449437,Gorgeous 4BR 2.5BA Townhome+Balcony
3053237,https://www.airbnb.com/rooms/3053237,Ballard 1903 Modern Cottage
8132347,https://www.airbnb.com/rooms/8132347,Seattle charmer-new remodel-Ballard
63733,https://www.airbnb.com/rooms/63733,Seattle- Ballard Guestsuite -  
2039149,https://www.airbnb.com/rooms/2039149,Walkable Seattle 3-bedroom Home 
227636,https://www.airbnb.com/rooms/227636,Large Ballard/Fremont apartment
3689119,https://www.airbnb.com/rooms/3689119,A Garden Guest House
1179538,https://www.airbnb.com/rooms/1179538,Townhome Top Floor 2 Bedrms+Balcony
6823781,https://www.airbnb.com/rooms/6823781,Private Apt. Fremont/Ballard
2284536,https://www.airbnb.com/rooms/2284536,Vintage Ballard Charm
5143441,https://www.airbnb.com/rooms/5143441,Seattle Charm
5749958,https://www.airbnb.com/rooms/5749958,Beautiful Phinney/Ballard Retreat
9116815,https://www.airbnb.com/rooms/9116815,Cozy 2BD Apt in New Brewery Dist .
7731836,https://www.airbnb.com/rooms/7731836,"Ballard One Bedroom, lots of light!"
10262971,https://www.airbnb.com/rooms/10262971,Private Floor - Modern Ballard Home
1407502,https://www.airbnb.com/rooms/1407502,Private garden room in hip Ballard
8817038,https://www.airbnb.com/rooms/8817038,Ballard Sunset View with Parking
4449303,https://www.airbnb.com/rooms/4449303,Private Floor in Modern Townhouse
8255615,https://www.airbnb.com/rooms/8255615,Quiet Backyard Private Apartment
4053092,https://www.airbnb.com/rooms/4053092, Private bed/bath in Ballard
6886633,https://www.airbnb.com/rooms/6886633,The El Rey in Frelard
8820414,https://www.airbnb.com/rooms/8820414,Seattle Escape - Charming 2bdrm
3052151,https://www.airbnb.com/rooms/3052151,Priv.RM Olympic View 4m Sunny Loft
2339333,https://www.airbnb.com/rooms/2339333,Spacious Home in Phinney/Ballard 
1618842,https://www.airbnb.com/rooms/1618842,Private Studio - Industrial Ballard
888967,https://www.airbnb.com/rooms/888967,Spacious Room in Zero-Energy House
380950,https://www.airbnb.com/rooms/380950,Craftsman Charmer w/ Stunning Views
8097708,https://www.airbnb.com/rooms/8097708,3BR Sunny Ballard House
5671843,https://www.airbnb.com/rooms/5671843,Ballard Artcove 
904057,https://www.airbnb.com/rooms/904057,Enjoy Seattle in Your Mini-Home!
7161725,https://www.airbnb.com/rooms/7161725,Two Bedroom Suite in Ballard
9587410,https://www.airbnb.com/rooms/9587410,Cozy Ballard Craftsman /upper floor
9202380,https://www.airbnb.com/rooms/9202380,Suite on the Ridge
2238105,https://www.airbnb.com/rooms/2238105,Modern Ballard/Fremont Cottage
9545766,https://www.airbnb.com/rooms/9545766,Ballard Basement
2441908,https://www.airbnb.com/rooms/2441908,Cozy Ballard Cottage - Sleeps 5
9367465,https://www.airbnb.com/rooms/9367465,Crow's Nest Cottage
3031415,https://www.airbnb.com/rooms/3031415,"Clean, Spacious, Seattle 3-bedroom!"
843812,https://www.airbnb.com/rooms/843812,New Zero-Energy Home in Ballard
3835995,https://www.airbnb.com/rooms/3835995,Ballard Craftsman Charmer
9732638,https://www.airbnb.com/rooms/9732638,Ballard home with private rooftop
3768745,https://www.airbnb.com/rooms/3768745,Downtown Queen Anne large suite
3975434,https://www.airbnb.com/rooms/3975434,One private bedroom in a large Apt
5620928,https://www.airbnb.com/rooms/5620928,Master Suite - Private Entrance
7381677,https://www.airbnb.com/rooms/7381677,"Modern, Intimate & Iconic City View"
5487934,https://www.airbnb.com/rooms/5487934,Relaxing room available
9028447,https://www.airbnb.com/rooms/9028447,Apartment on Lake Union downtown
757840,https://www.airbnb.com/rooms/757840,Hilltop House - 3 Bd Great Location
8848403,https://www.airbnb.com/rooms/8848403,Centrally located place - Queen Ann
7430926,https://www.airbnb.com/rooms/7430926,"Beautiful & Modern, Great Location"
7021544,https://www.airbnb.com/rooms/7021544,Between Fremont & Downtown! Retro
1323446,https://www.airbnb.com/rooms/1323446,Seattle + free parking + quiet
3925573,https://www.airbnb.com/rooms/3925573,Cozy Apartment near Bumbershoot
8723086,https://www.airbnb.com/rooms/8723086,"Elegant, Spacious Urban Apartment"
781474,https://www.airbnb.com/rooms/781474,Studio at Mibbett Hollow -Private
9812439,https://www.airbnb.com/rooms/9812439,World Travelers Welcome to Seattle!
3401644,https://www.airbnb.com/rooms/3401644,Quiet apartment Queen Anne
10036903,https://www.airbnb.com/rooms/10036903,Downtown Seattle Apt 93 walk score!
5310193,https://www.airbnb.com/rooms/5310193,Top of Queen Anne 3 Bed / 2 Bath
5308875,https://www.airbnb.com/rooms/5308875,Cozy Condo in Lower Queen Anne.
5052459,https://www.airbnb.com/rooms/5052459,"View, Location and Plenty of Space"
7228499,https://www.airbnb.com/rooms/7228499,Downtown Home Sleeps 8
7651653,https://www.airbnb.com/rooms/7651653,Top Floor Condo w/ View -Queen Anne
1494986,https://www.airbnb.com/rooms/1494986,Queen Anne Garden Getaway
1783382,https://www.airbnb.com/rooms/1783382,City view in large urban condo
7513198,https://www.airbnb.com/rooms/7513198,Spectacular Queen Anne View Condo
8308316,https://www.airbnb.com/rooms/8308316,"Top of QA Hill, SUPER CHARMING apt"
9694921,https://www.airbnb.com/rooms/9694921,Remodeled Historic House in WestLk
2472850,https://www.airbnb.com/rooms/2472850,Queen Anne Condo 
5487522,https://www.airbnb.com/rooms/5487522,SPECTACULAR SPACE IN QUIET PLACE
4016650,https://www.airbnb.com/rooms/4016650,The Gallery - Lake Union View Room
10229434,https://www.airbnb.com/rooms/10229434,Charming Westlake Apt with a View!
3479241,https://www.airbnb.com/rooms/3479241,Modern apartment with AMAZING view!
5848400,https://www.airbnb.com/rooms/5848400,Queen Anne Classic Victorian 3 Bdrm
6077760,https://www.airbnb.com/rooms/6077760,Private Room and Patio with View
4642956,https://www.airbnb.com/rooms/4642956,Top of Queen Anne on Highland Drive
1167507,https://www.airbnb.com/rooms/1167507,Queen Anne Mother-In-Law 1br/1bath
6044106,https://www.airbnb.com/rooms/6044106,Modern Seattle Apartment with gym!
1799255,https://www.airbnb.com/rooms/1799255,Cozy Queen Anne Cottage
8941768,https://www.airbnb.com/rooms/8941768,Queen Anne Living
6569950,https://www.airbnb.com/rooms/6569950,Breathtaking Views Near City
7733192,https://www.airbnb.com/rooms/7733192,"Luxurious, Modern, Panoramic Views"
9215782,https://www.airbnb.com/rooms/9215782,"Queen Anne 2-Bedroom, 2-Bath Condo"
5175631,https://www.airbnb.com/rooms/5175631,Le Penthouse
6315614,https://www.airbnb.com/rooms/6315614,Queen Anne Comfort
9134193,https://www.airbnb.com/rooms/9134193,Modern Open Studio
2481189,https://www.airbnb.com/rooms/2481189,Queen Anne - Cozy 3 BD View/Parking
8535897,https://www.airbnb.com/rooms/8535897,Meditteranean Style Queen Anne Home
9476826,https://www.airbnb.com/rooms/9476826,Furnished private room/new building
3144311,https://www.airbnb.com/rooms/3144311,"Stunning Water View, Spacious Condo"
9370007,https://www.airbnb.com/rooms/9370007,Luminous and Comfortable
6781308,https://www.airbnb.com/rooms/6781308,"Heart of Seattle, minutes to it all"
160222,https://www.airbnb.com/rooms/160222,Apt on Lake Union & inHeart of City
4250367,https://www.airbnb.com/rooms/4250367,Luxury in Queen Anne very walkable!
8755479,https://www.airbnb.com/rooms/8755479,"2 bedroom & 2 bath, large deck VIEW"
8829156,https://www.airbnb.com/rooms/8829156,"Queen Ann, central neighborhood"
5126077,https://www.airbnb.com/rooms/5126077,Location and View in Queen Anne
6108796,https://www.airbnb.com/rooms/6108796,Classy Seattle Apartment and gym
2692126,https://www.airbnb.com/rooms/2692126,Cute & Tidy by Seattle Center!
6882211,https://www.airbnb.com/rooms/6882211,Spacious Apt in Queen Anne
9573675,https://www.airbnb.com/rooms/9573675,"Lake Union view, 5 min to downtown!"
3544953,https://www.airbnb.com/rooms/3544953,View of Lake Union
2020505,https://www.airbnb.com/rooms/2020505,"Private ""in house"" guest suite "
5580457,https://www.airbnb.com/rooms/5580457,Steps away from Lake Union
1495271,https://www.airbnb.com/rooms/1495271,Spacious Queen Anne Craftsman
8455865,https://www.airbnb.com/rooms/8455865,Queen Anne Jewel
9679300,https://www.airbnb.com/rooms/9679300,Cozy 1 BR apt. In Queen Anne
6065566,https://www.airbnb.com/rooms/6065566,Charming Queen Anne Hill Craftsman
4645208,https://www.airbnb.com/rooms/4645208,1905 Craftsman in Ideal Location!
6115807,https://www.airbnb.com/rooms/6115807,Spacious 3BR/2BA  Family Home
7091397,https://www.airbnb.com/rooms/7091397,Secret Garden Bungalow
6134153,https://www.airbnb.com/rooms/6134153,2BR Apt in Lovely Queen Anne Home
7763878,https://www.airbnb.com/rooms/7763878,Best Seattle Location!
8088447,https://www.airbnb.com/rooms/8088447,Central 1-BR with Lake Union View
3418349,https://www.airbnb.com/rooms/3418349,Everything you need in Lower Q. A.!
9199982,https://www.airbnb.com/rooms/9199982,lakeview in QueenAnne near Fremont
6400000,https://www.airbnb.com/rooms/6400000,Cozy 1BR/1BA Apartment
6776229,https://www.airbnb.com/rooms/6776229,"Heart of Seattle, Water & city view"
7627794,https://www.airbnb.com/rooms/7627794,Westlake luxury loft with lake view
8374102,https://www.airbnb.com/rooms/8374102,Spacious & Clean 1 bedroom Apt.
6316934,https://www.airbnb.com/rooms/6316934,Cute vintage flat 10 min to it all!
1820794,https://www.airbnb.com/rooms/1820794,Highland Hideaway SpaceNeedle View
314180,https://www.airbnb.com/rooms/314180,Sunny Home w/ Views in Wallingford
8670079,https://www.airbnb.com/rooms/8670079,"Furnished, great spot, near UW"
4868135,https://www.airbnb.com/rooms/4868135,Designer 2 Bdrm Fremont/Wallingford
5336585,https://www.airbnb.com/rooms/5336585,Beautiful Loft Apartment UW 
1427103,https://www.airbnb.com/rooms/1427103,Wallingford Private 1BD Apartment
3518808,https://www.airbnb.com/rooms/3518808,Modern Green Lake Apartment
8995844,https://www.airbnb.com/rooms/8995844,"Charm, convenience in Wallingford"
356566,https://www.airbnb.com/rooms/356566,Sunny Bedroom w/View: Wallingford
6466388,https://www.airbnb.com/rooms/6466388,Airy Green Lake Craftsman
4531944,https://www.airbnb.com/rooms/4531944,Cozy Green Lake Cottage
6686072,https://www.airbnb.com/rooms/6686072,GreenLake - Modern and Convenient
4384343,https://www.airbnb.com/rooms/4384343,Chic In City  Basement Apartment
7900056,https://www.airbnb.com/rooms/7900056,A+ Home for 2-8 near Green Lake-UW
6378563,https://www.airbnb.com/rooms/6378563,Wallingford Terrace Garden
5630783,https://www.airbnb.com/rooms/5630783,Private Greenlake Studio Apartment 
340706,https://www.airbnb.com/rooms/340706,Charming Wallingford Apartment
6202214,https://www.airbnb.com/rooms/6202214,Cozy 1BD Apartment in Wallingford.
1030411,https://www.airbnb.com/rooms/1030411,Classic Seattle/Wallingford Home
7922373,https://www.airbnb.com/rooms/7922373,Brick Colonial in Wallingford
6156470,https://www.airbnb.com/rooms/6156470,Relax with a CANNACATION  getaway!
2994309,https://www.airbnb.com/rooms/2994309,Contemporary 2 Bedroom Apartment
1594328,https://www.airbnb.com/rooms/1594328,Cozy 1920s Wallingford Home
8072920,https://www.airbnb.com/rooms/8072920,Charming Artistic Studio Apartment
6915487,https://www.airbnb.com/rooms/6915487,Upper House near UW and Greenlake
6202603,https://www.airbnb.com/rooms/6202603,Nice One bedroom in Fremont!
5286781,https://www.airbnb.com/rooms/5286781,Full Apt w/ Garden- cozy and light
2818420,https://www.airbnb.com/rooms/2818420,"Seattle Home Near Downtown, UW"
3739681,https://www.airbnb.com/rooms/3739681,Cozy basement in Wallingford home
7922063,https://www.airbnb.com/rooms/7922063,Wallingford living room w/ air bed
611509,https://www.airbnb.com/rooms/611509,Craftsman with Private Bath & A/C
1802663,https://www.airbnb.com/rooms/1802663,Urban oasis in Wallingford home
9797545,https://www.airbnb.com/rooms/9797545,Cozy Room & Sleeping Nook
9241055,https://www.airbnb.com/rooms/9241055,Classic Craftsman with Modern Touch
9294832,https://www.airbnb.com/rooms/9294832,Great 1 Bedroom in Greenlake
8643209,https://www.airbnb.com/rooms/8643209,Private room w Q-size bed a view
7258811,https://www.airbnb.com/rooms/7258811,Lake Union Hacker House - 2FL 4p 2L
10265391,https://www.airbnb.com/rooms/10265391,"Art filled, quiet, walkable Seattle"
132120,https://www.airbnb.com/rooms/132120,Mother-in-Law Apartment in Seattle
6343866,https://www.airbnb.com/rooms/6343866,Wallingford Burke Retreat
3066740,https://www.airbnb.com/rooms/3066740,The Silhouette - Lake Union Seattle
4130112,https://www.airbnb.com/rooms/4130112,Warm family home w/ hot tub + honey
4026757,https://www.airbnb.com/rooms/4026757,YELLOW SUITE - super clean-new bed
9545281,https://www.airbnb.com/rooms/9545281,Eclectic 1bd apt in Wallingford
3294804,https://www.airbnb.com/rooms/3294804,Craftsman w/ Hot Tub *Jan/Feb deal*
4122325,https://www.airbnb.com/rooms/4122325,Spacious 3bd/2ba Green Lake Home
8308353,https://www.airbnb.com/rooms/8308353,"Bright, Central, and Cozy Bedroom"
7226013,https://www.airbnb.com/rooms/7226013,Cute comfy room in central location
5761290,https://www.airbnb.com/rooms/5761290,2 - bedroom near UW and Greenlake
182716,https://www.airbnb.com/rooms/182716,Quiet Room Near UW & Green Lake
3050140,https://www.airbnb.com/rooms/3050140,Cozy Private Greenlake Apartment
3254956,https://www.airbnb.com/rooms/3254956,"Wallingford, Private 1Bd Apartment!"
1264287,https://www.airbnb.com/rooms/1264287,Wallingford  5 bed 2 bath near UW
3404557,https://www.airbnb.com/rooms/3404557,Lake Union Hacker House - 1FL 4p 2L
3939683,https://www.airbnb.com/rooms/3939683,Lake Union Hacker House - 3FL 2p L
3424242,https://www.airbnb.com/rooms/3424242,Lake Union Hacker House - 3FL 4p 2U
7985714,https://www.airbnb.com/rooms/7985714,Lake Union Hacker House - 2FL 4p 2U
4279876,https://www.airbnb.com/rooms/4279876,"Seattle Sunyside Suite, private 2BR"
3870253,https://www.airbnb.com/rooms/3870253,Wallingford Apt. with Sleeping Loft
2187563,https://www.airbnb.com/rooms/2187563,Bright 2 BR suite in Wallingford
3889299,https://www.airbnb.com/rooms/3889299,Lake Union Hacker House - 3FL 2p U
3889330,https://www.airbnb.com/rooms/3889330,Lake Union Hacker House - 1FL 4p 1U
1184846,https://www.airbnb.com/rooms/1184846,South Wallingford Casita
3626162,https://www.airbnb.com/rooms/3626162,"Wallingford haven, private full apt"
456040,https://www.airbnb.com/rooms/456040, Walking distance to Greenlake.
9033154,https://www.airbnb.com/rooms/9033154,The Wallingford Bungalow
4340838,https://www.airbnb.com/rooms/4340838,Great Greenlake studio apartment 
808811,https://www.airbnb.com/rooms/808811,GREENLAKE HOME - Great location!
7368030,https://www.airbnb.com/rooms/7368030,Convenient Apt Central Wallingford
522287,https://www.airbnb.com/rooms/522287,1911 House in Wallingford/Fremont
1940787,https://www.airbnb.com/rooms/1940787,Wallingford 2 Bedroom Cozy Craftman
3732103,https://www.airbnb.com/rooms/3732103,Lake Union Hacker House - 2FL 4p 1U
43373,https://www.airbnb.com/rooms/43373,Big sunny central house with view!
5126365,https://www.airbnb.com/rooms/5126365,Modern and Cozy Bedroom
7182584,https://www.airbnb.com/rooms/7182584,Cute Green Lake Cabin
5325214,https://www.airbnb.com/rooms/5325214,Cozy Greenlake basement studio
2710274,https://www.airbnb.com/rooms/2710274,"Cozy charming 1905 cottage, S room"
5128160,https://www.airbnb.com/rooms/5128160,Family-Ready Craftsman Home
3424114,https://www.airbnb.com/rooms/3424114,Lake Union Hacker House - 3FL 4p 1U
2776890,https://www.airbnb.com/rooms/2776890,Bright 1BR Wallingford and Fremont
4521755,https://www.airbnb.com/rooms/4521755,Wallingford Terrace Sky
3456599,https://www.airbnb.com/rooms/3456599,Wallingford Craftsman 1 BR apt
8207848,https://www.airbnb.com/rooms/8207848,2BR/1BA Open-Concept Condo
10249527,https://www.airbnb.com/rooms/10249527,Private Room in Wallingford Apt.
1252740,https://www.airbnb.com/rooms/1252740,Private Bedroom & Bath; Modern Home
4250938,https://www.airbnb.com/rooms/4250938,Greenlake Classic 2 Bdrm Craftsman 
3791920,https://www.airbnb.com/rooms/3791920,"Modern, private 1BR basement apt"
4258762,https://www.airbnb.com/rooms/4258762,Sunny Corner Apartment Wallingford
7364146,https://www.airbnb.com/rooms/7364146,Modern Wallingford 1 Bedroom
6765045,https://www.airbnb.com/rooms/6765045,Charming 3BR home in Wallingford
3193738,https://www.airbnb.com/rooms/3193738,Floating Home~Huge Deck~Kayaks~Bike
8765219,https://www.airbnb.com/rooms/8765219,Craftsman Home in Wallingford!
8174285,https://www.airbnb.com/rooms/8174285,Sunny Apartment in Wallingford
3403638,https://www.airbnb.com/rooms/3403638,Lake Union Hacker House - 1FL 4p 2U
7601333,https://www.airbnb.com/rooms/7601333,Walkable bungalow with private yard
6707735,https://www.airbnb.com/rooms/6707735,Charming Seattle basement apartment
7322718,https://www.airbnb.com/rooms/7322718,Greenlake bungalow
3783162,https://www.airbnb.com/rooms/3783162,Lovely 3 bedroom craftsman home!
6606,https://www.airbnb.com/rooms/6606,"Fab, private seattle urban cottage!"
3889280,https://www.airbnb.com/rooms/3889280,Lake Union Hacker House - 2FL 2p U
3971137,https://www.airbnb.com/rooms/3971137,Quaint Wallingford Studio
3889050,https://www.airbnb.com/rooms/3889050,Lake Union Hacker House - 1FL 2p L
799882,https://www.airbnb.com/rooms/799882,Spacious Basement Green Lake Room
9508386,https://www.airbnb.com/rooms/9508386,"Green Lake- funky, fresh, foosball!"
6714817,https://www.airbnb.com/rooms/6714817,"Bright, Modern, Seattle Classic."
3773700,https://www.airbnb.com/rooms/3773700,Modern home in popular neighborhood
3773568,https://www.airbnb.com/rooms/3773568,"Spacious 2Br home sleeps 6, HotTub!"
9313974,https://www.airbnb.com/rooms/9313974,"Light, Airy Room in Spacious Home"
6492880,https://www.airbnb.com/rooms/6492880,Colorful & Retro 1BR Greenlake Apt
4879013,https://www.airbnb.com/rooms/4879013,"Modern 2 bd apt, great neighborhood"
3732094,https://www.airbnb.com/rooms/3732094,Lake Union Hacker House - 3FL 4p 1L
873073,https://www.airbnb.com/rooms/873073,Charming Wallingford home w/ Views!
234898,https://www.airbnb.com/rooms/234898,Modern Apartment near 45th St & UW
8533375,https://www.airbnb.com/rooms/8533375,Sunlit 1-Bedroom apartment
6854019,https://www.airbnb.com/rooms/6854019,Spacious Home in Green Lake!
8418650,https://www.airbnb.com/rooms/8418650,Private duplex unit in Wallingford
3732076,https://www.airbnb.com/rooms/3732076,Lake Union Hacker House - 1FL 4p 1L
4608592,https://www.airbnb.com/rooms/4608592,Mid-century Duplex in Wallingford
4862719,https://www.airbnb.com/rooms/4862719,Charming stay near Greenlake.
668169,https://www.airbnb.com/rooms/668169,"Quiet Greenlake house, large room"
429453,https://www.airbnb.com/rooms/429453,Sunny Bedroom #2 w/View: Wallingfrd
10124808,https://www.airbnb.com/rooms/10124808,Attic suite with private bathroom
7459684,https://www.airbnb.com/rooms/7459684,"S.Wallingford, walk to UW, parking"
5992645,https://www.airbnb.com/rooms/5992645,Charming & Cozy Greenlake Bungalow
7917718,https://www.airbnb.com/rooms/7917718,Sunny Room in the â™¥ of Wallingford
2986056,https://www.airbnb.com/rooms/2986056,Lake Union Hacker House - 2FL 4p 1L
2011193,https://www.airbnb.com/rooms/2011193,Wallingford 3 Bedroom Craftsman
3768626,https://www.airbnb.com/rooms/3768626,Clean and Simple Green Lake Studio
2026794,https://www.airbnb.com/rooms/2026794,"Cozy charming 1905 cottage, W room"
9154294,https://www.airbnb.com/rooms/9154294,Stylish Wallingford 1-BD Apartment
430610,https://www.airbnb.com/rooms/430610,"3br/3ba.  modern, roof deck, garage"
3231850,https://www.airbnb.com/rooms/3231850,Green Lake Carriage House
2976798,https://www.airbnb.com/rooms/2976798, Cozy City Bedroom and Den
703058,https://www.airbnb.com/rooms/703058,True Wallingford Craftsman
7826541,https://www.airbnb.com/rooms/7826541,Perfect Location 1BR in Wallingford
240920,https://www.airbnb.com/rooms/240920,Quiet Greenlake house w/ balcony
6655233,https://www.airbnb.com/rooms/6655233,"Airy Green Lake Craftsman,Teal Room"
9866461,https://www.airbnb.com/rooms/9866461,Sweet+Cozy+Safe Studio in Seattle
7957729,https://www.airbnb.com/rooms/7957729,Wallingford Townhouse
1428687,https://www.airbnb.com/rooms/1428687,"Green Lake Oasis, Perfect Location"
4803403,https://www.airbnb.com/rooms/4803403,Cozy 1BD in Fremont/Wallingford!
11012,https://www.airbnb.com/rooms/11012,"the orange house, quiet 'n central "
3888924,https://www.airbnb.com/rooms/3888924,Lake Union Hacker House - 1FL 2p U
8842808,https://www.airbnb.com/rooms/8842808,Wallingford Tudor Home
1114695,https://www.airbnb.com/rooms/1114695,"99walkscore, 3br, deck, zoo,central"
1715582,https://www.airbnb.com/rooms/1715582,An  Old Charm in Central Seattle
6704734,https://www.airbnb.com/rooms/6704734,Brand New Modern 1Br inWallingford
8555098,https://www.airbnb.com/rooms/8555098,Craftsman Bungalow Room
1214316,https://www.airbnb.com/rooms/1214316,Great Room Near UW and Downtown
7325455,https://www.airbnb.com/rooms/7325455,"Private, Standalone Apartment!"
6325685,https://www.airbnb.com/rooms/6325685,Relax with a CANNACATION!
9596,https://www.airbnb.com/rooms/9596,"the down home ,central and fab!"
9568491,https://www.airbnb.com/rooms/9568491,1bd Fremont lake Union view
1747184,https://www.airbnb.com/rooms/1747184,Panoramic Water Views - 6bd/3ba
8653843,https://www.airbnb.com/rooms/8653843,Cozy Room for Rent in Green Lake!
6727729,https://www.airbnb.com/rooms/6727729,The Wallingford Manor
3888986,https://www.airbnb.com/rooms/3888986,Lake Union Hacker House - 2FL 2p L
4135710,https://www.airbnb.com/rooms/4135710,Floating Home~Kayaks~SUPs~Bikes
3652434,https://www.airbnb.com/rooms/3652434,Top Floor Suite with City Views
7667990,https://www.airbnb.com/rooms/7667990,Gorgeous apt with skyline view
4047058,https://www.airbnb.com/rooms/4047058,GREEN SUITE - super clean - new bed
7163934,https://www.airbnb.com/rooms/7163934,In-City Suite Retreat
7717478,https://www.airbnb.com/rooms/7717478,Charming Greenlake Craftsman
4653552,https://www.airbnb.com/rooms/4653552,Greenlake Apt. with Chef's Kitchen
6915439,https://www.airbnb.com/rooms/6915439,"Private Room, Wallingford, Seattle"
506542,https://www.airbnb.com/rooms/506542,"Garden apt, fresh honey"
4046863,https://www.airbnb.com/rooms/4046863,BLUE SUITE - super clean - new bed
3915826,https://www.airbnb.com/rooms/3915826,Clean & modern 1BR in Wallingford
4787415,https://www.airbnb.com/rooms/4787415,Wonderful Queen Anne Home
1602488,https://www.airbnb.com/rooms/1602488,2 Private Rooms - Queen Anne Home
8459215,https://www.airbnb.com/rooms/8459215,Charming Urban Bungalow
10274175,https://www.airbnb.com/rooms/10274175,queen size bed quiet neighborhood
9167786,https://www.airbnb.com/rooms/9167786,Beautiful Bedroom in Queen Anne
5686435,https://www.airbnb.com/rooms/5686435,Beautiful Queen Anne Home
7939058,https://www.airbnb.com/rooms/7939058,1 BR in modern Queen Anne townhouse
8392801,https://www.airbnb.com/rooms/8392801,Newly Renovated Queen Anne 2 Bdrm
7404370,https://www.airbnb.com/rooms/7404370,Queen Anne Cottage
3720511,https://www.airbnb.com/rooms/3720511,Modern townhouse w/hot tub
8193332,https://www.airbnb.com/rooms/8193332,1bed condo near water and Fremont
7957904,https://www.airbnb.com/rooms/7957904,Cozy 1 Bedroom in Queen Anne
4555997,https://www.airbnb.com/rooms/4555997,New! Bright Queen Anne Studio
2267088,https://www.airbnb.com/rooms/2267088,2 BDR GARDEN APT + PATIO/GRILL+PKG
108468,https://www.airbnb.com/rooms/108468,"Magazine Profiled, View, Gorgeous "
6400379,https://www.airbnb.com/rooms/6400379,"Private, Quiet room close to SPU"
5948003,https://www.airbnb.com/rooms/5948003,Quiet bedroom with private bathroom
5058086,https://www.airbnb.com/rooms/5058086,5 star Luxury + Urban Tranquility
1209255,https://www.airbnb.com/rooms/1209255,Fabulous 3BR Queen Anne Home
1914051,https://www.airbnb.com/rooms/1914051,Queen Anne Stylish Apt Near City
2923529,https://www.airbnb.com/rooms/2923529,Fremont Sunrise View
1027860,https://www.airbnb.com/rooms/1027860,"Modern Home, Kid-Friendly with View"
2373176,https://www.airbnb.com/rooms/2373176,Cozy & Clean Apt Close To Downtown!
6404427,https://www.airbnb.com/rooms/6404427,Queen Anne Coastal Bungalow
8517602,https://www.airbnb.com/rooms/8517602,"Villa Hill-Bedroom, bath, TV room"
7035240,https://www.airbnb.com/rooms/7035240,Quiet family retreat-great location
4583161,https://www.airbnb.com/rooms/4583161,Perfect Seattle Room + Bathroom
7967844,https://www.airbnb.com/rooms/7967844,Charming 2BR Queen Anne Close to DT
6562393,https://www.airbnb.com/rooms/6562393,URBAN OASIS ON QUEEN ANNE HILL
7807087,https://www.airbnb.com/rooms/7807087,Gorgeous Queen Anne 2BR(AmazinView)
5405643,https://www.airbnb.com/rooms/5405643,Comfy Queen Anne Digs
7011200,https://www.airbnb.com/rooms/7011200,Bright 1 bd w deck. Great location
610989,https://www.airbnb.com/rooms/610989,Inn of Twin Gables - North Room
7839535,https://www.airbnb.com/rooms/7839535,Private large one bedroom
4814894,https://www.airbnb.com/rooms/4814894,Queen Anne Cozy Duplex Oasis
186328,https://www.airbnb.com/rooms/186328,"Beautiful Update Craftsman 3BR, 3BA"
7492877,https://www.airbnb.com/rooms/7492877,Charming Home close to Fremont
6576228,https://www.airbnb.com/rooms/6576228,2BD in Peaceful Upper Queen Anne
241016,https://www.airbnb.com/rooms/241016,Scandinavian Queen Anne Home
6968101,https://www.airbnb.com/rooms/6968101,Downtown Seattle + Mountain Views
5648564,https://www.airbnb.com/rooms/5648564,Queen Anne 2 Bdrm/1.5 Ba/1000 sq ft
4116645,https://www.airbnb.com/rooms/4116645,Peaceful One Bedroom Apartment
2419879,https://www.airbnb.com/rooms/2419879,3 bedroom Queen Anne Home
6425735,https://www.airbnb.com/rooms/6425735,"Queen Anne, Seattle"
8105351,https://www.airbnb.com/rooms/8105351,Charming home on Queen Anne Hill
9136499,https://www.airbnb.com/rooms/9136499,great location interbay
3639023,https://www.airbnb.com/rooms/3639023,Quiet & beautify room in Queen Anne
6724599,https://www.airbnb.com/rooms/6724599,Charming Daylight Basement of DINKS
4211629,https://www.airbnb.com/rooms/4211629,"Spectacular Views, Supersized Suite"
7151924,https://www.airbnb.com/rooms/7151924,Queen Breeze B&B
704764,https://www.airbnb.com/rooms/704764,Olympics View Seattle QA Craftsman
1796217,https://www.airbnb.com/rooms/1796217,3 Bedroom 3 Bath Ship Canal Oasis
4661812,https://www.airbnb.com/rooms/4661812,Gorgeous Seattle Apt Near Downtown!
8811945,https://www.airbnb.com/rooms/8811945,Queen Anne Bungalow - Weekly Rental
1090307,https://www.airbnb.com/rooms/1090307,Private room and bath in Greenlake
15108,https://www.airbnb.com/rooms/15108,Green Lake Private Ground Floor BR
1882316,https://www.airbnb.com/rooms/1882316,Charming Home 2 Blks from Greenlake
1095207,https://www.airbnb.com/rooms/1095207,Stylish Craftsman Near Lake & Park
1343805,https://www.airbnb.com/rooms/1343805,Greenlake Summer Home
9217150,https://www.airbnb.com/rooms/9217150,Modern Studio Apartment Near Park
103920,https://www.airbnb.com/rooms/103920,Beautiful Central Green Lake Flat
2215336,https://www.airbnb.com/rooms/2215336,New Greenlake Apartment
1483944,https://www.airbnb.com/rooms/1483944,"Peaceful, Spacious Home"
6466129,https://www.airbnb.com/rooms/6466129,Enjoy our Cozy Waterfront nook! MIL
8536441,https://www.airbnb.com/rooms/8536441,Sunny Apartment Retreat
6262987,https://www.airbnb.com/rooms/6262987,Guest Bedroom near Greenlake
8379081,https://www.airbnb.com/rooms/8379081,"Private Room, Bath, & Kitchenette"
8365938,https://www.airbnb.com/rooms/8365938,Green Lake
9921445,https://www.airbnb.com/rooms/9921445,Two LakeView Balconies in GreenLake
132160,https://www.airbnb.com/rooms/132160,"Green Lake Guest Suite, private apt"
2033191,https://www.airbnb.com/rooms/2033191,Green Lake VIEW 2 Bed 1 Bath Apt
8849407,https://www.airbnb.com/rooms/8849407,Seattle WA. Green Lake area
9922335,https://www.airbnb.com/rooms/9922335,Charming Lake Apartment with Views
7243974,https://www.airbnb.com/rooms/7243974,The Traveler Craftsman - Green Lake
6490453,https://www.airbnb.com/rooms/6490453,Northwest Charm - Green Lake Area
4025593,https://www.airbnb.com/rooms/4025593,Cozy room by Green Lake!
8556103,https://www.airbnb.com/rooms/8556103,Cute Greenlake House: Walk to Lake!
955506,https://www.airbnb.com/rooms/955506,Cozy Greenlake Bungalow
9868607,https://www.airbnb.com/rooms/9868607,Gorgeous Greenlake Townhome
8668073,https://www.airbnb.com/rooms/8668073,Green Lake Charmer
790860,https://www.airbnb.com/rooms/790860,Amazing Huge Modern Green Lake Home
261912,https://www.airbnb.com/rooms/261912,"Storybook Tudor, house at GreenLake"
368403,https://www.airbnb.com/rooms/368403,Large Luxury Lakeside Seattle Home
9878971,https://www.airbnb.com/rooms/9878971,Nice Home- 1.5 Blocks to Green Lake
5602370,https://www.airbnb.com/rooms/5602370,Cozy apartment in Green Lake
9395217,https://www.airbnb.com/rooms/9395217,Amazing Studio in Green Lake
7331079,https://www.airbnb.com/rooms/7331079,Seattle Green Lake Getaway
580182,https://www.airbnb.com/rooms/580182,Craftsman Home 1 block from Lake!
8152191,https://www.airbnb.com/rooms/8152191,Cozy room at Green Lake Seattle.
103908,https://www.airbnb.com/rooms/103908,Modern Flat Quick Walk 2 Green Lake
783061,https://www.airbnb.com/rooms/783061, Comfortable Green Lake Home Base
7901725,https://www.airbnb.com/rooms/7901725,Brick Tudor One Block To Green Lake
4968752,https://www.airbnb.com/rooms/4968752,Perfect Location 2BR Quiet St Shops
14386,https://www.airbnb.com/rooms/14386,Quiet Cozy Upstairs BR Green Lake
7517215,https://www.airbnb.com/rooms/7517215,Charming Seattle Lake House - 1 bd
1602421,https://www.airbnb.com/rooms/1602421,Quaint Upstairs Room with Closet
3821822,https://www.airbnb.com/rooms/3821822,Sweet & Cozy Apartment @ Green Lake
6073437,https://www.airbnb.com/rooms/6073437,Spacious Green Lake View Studio
7917700,https://www.airbnb.com/rooms/7917700,Charming Seattle Lake House - 1 bed
6278181,https://www.airbnb.com/rooms/6278181,3 bdrm Craftsman home on Greenlake
4279578,https://www.airbnb.com/rooms/4279578,Bright GreenLake studio - all yours
9907337,https://www.airbnb.com/rooms/9907337,greenlake 2 bedroom suite
1796861,https://www.airbnb.com/rooms/1796861,Green Lake Getaway -2min from Lake
4211836,https://www.airbnb.com/rooms/4211836,Steps from Greenlake!
4025954,https://www.airbnb.com/rooms/4025954,Greenlake Getaway
6154478,https://www.airbnb.com/rooms/6154478,Dog friendly 1BR townhome w/patio
84030,https://www.airbnb.com/rooms/84030,Miradina Al Lago
4235559,https://www.airbnb.com/rooms/4235559,"Modern, Sunny 3BR/3B Greenlake Home"
830948,https://www.airbnb.com/rooms/830948,City & Lake Views. Central- shared 
3468261,https://www.airbnb.com/rooms/3468261,Modern Apartment Centrally Located!
10026648,https://www.airbnb.com/rooms/10026648,1 BedBath - South Lake Union View
9117633,https://www.airbnb.com/rooms/9117633,Urban condo with a view
9158383,https://www.airbnb.com/rooms/9158383,Single room in South lake Union
1145590,https://www.airbnb.com/rooms/1145590,Central. Private big deck & Views!
5020848,https://www.airbnb.com/rooms/5020848,Welcome aboard a classic 58' yacht!
9600159,https://www.airbnb.com/rooms/9600159,"1 Bed + Den, 2 Bath SLU Apartment"
3522409,https://www.airbnb.com/rooms/3522409,Quarky Lillie Houseboat
9492873,https://www.airbnb.com/rooms/9492873,Stunning View/Patio Apartment
5534463,https://www.airbnb.com/rooms/5534463,70' Yacht  on south Lake  Union
9409233,https://www.airbnb.com/rooms/9409233,Custom Houseboat -Heart of the City
9531265,https://www.airbnb.com/rooms/9531265,"Luxury Yacht Downtown Seattle, 2 bd"
5364609,https://www.airbnb.com/rooms/5364609,Sunbathed Lower Queen Anne/SLU 1BR
6629132,https://www.airbnb.com/rooms/6629132,Pvt suite in beautiful townhome
5489676,https://www.airbnb.com/rooms/5489676,2 BR Apartment near Seattle Center
9347157,https://www.airbnb.com/rooms/9347157,Lake Union View Apartment
10035644,https://www.airbnb.com/rooms/10035644,Cozy Capitol Hill  1 BD Apartment
8293287,https://www.airbnb.com/rooms/8293287,Modern private room and bath
910784,https://www.airbnb.com/rooms/910784,Modern 2BR in Seattle Urban Oasis
7071222,https://www.airbnb.com/rooms/7071222,Cute Convenient Capitol Hill Duplex
8687716,https://www.airbnb.com/rooms/8687716,Modern Home & Furnishings
7430679,https://www.airbnb.com/rooms/7430679,QuietSpaceinMadisonValley
180939,https://www.airbnb.com/rooms/180939,Central District Green GardenStudio
6884604,https://www.airbnb.com/rooms/6884604,"Backyard studio, quiet neighborhood"
7397476,https://www.airbnb.com/rooms/7397476,"TL ""Boston"": renovated 2 bed/2 bath"
1063855,https://www.airbnb.com/rooms/1063855,"Central District ""Green"" House"
8865006,https://www.airbnb.com/rooms/8865006,"Centrally located, easy access!"
8069192,https://www.airbnb.com/rooms/8069192,Brand New Madison Valley Townhome
2800448,https://www.airbnb.com/rooms/2800448,Centrally located private room
9076287,https://www.airbnb.com/rooms/9076287,All you need in Capitol Hill
7462439,https://www.airbnb.com/rooms/7462439,"Capitol Hill Apt, Magnificent Views"
8225635,https://www.airbnb.com/rooms/8225635,Fields of Dreams: Modern 4bed/3.5ba
2966415,https://www.airbnb.com/rooms/2966415,Private room+bath in Seattle house
4639465,https://www.airbnb.com/rooms/4639465,A Modern Craftsman Room with a View
7402190,https://www.airbnb.com/rooms/7402190,Beautiful and quiet home in Seattle
9448719,https://www.airbnb.com/rooms/9448719,Central District room near Downtown
5670781,https://www.airbnb.com/rooms/5670781,Centrally located sanctuary
1905473,https://www.airbnb.com/rooms/1905473,Central District Bungalow 
7266662,https://www.airbnb.com/rooms/7266662,Private bedroom in Central District
9095510,https://www.airbnb.com/rooms/9095510,All you need in Capitol Hill - 4pax
7401854,https://www.airbnb.com/rooms/7401854,Quiet and beautiful House
5174876,https://www.airbnb.com/rooms/5174876,Charming Private Studio in Seattle
1256883,https://www.airbnb.com/rooms/1256883,NEW! - Capitol Hill Apt 1100 sq ft
8072850,https://www.airbnb.com/rooms/8072850,Artist's Garden Studio
6706377,https://www.airbnb.com/rooms/6706377,Private Cottage
9738522,https://www.airbnb.com/rooms/9738522,House of Suffrage: 5 bed sleeps 15!
2995996,https://www.airbnb.com/rooms/2995996,The Green House in Madison Valley
6674408,https://www.airbnb.com/rooms/6674408,Contemporary Urban - Guest Bedroom
6801095,https://www.airbnb.com/rooms/6801095,Relaxing & Modern & Easy Access
143704,https://www.airbnb.com/rooms/143704,"Private 1BR, Pkg, 5% to Charity"
9258305,https://www.airbnb.com/rooms/9258305,"Cozy, Dog Friendly Home"
3727017,https://www.airbnb.com/rooms/3727017,Charming 2bd Craftsman
789966,https://www.airbnb.com/rooms/789966,Cute 1BR in Madison Valley!
6864319,https://www.airbnb.com/rooms/6864319,Beautiful Craftsman House
1539463,https://www.airbnb.com/rooms/1539463,Private room/bath - Madrona/Seattle
9591787,https://www.airbnb.com/rooms/9591787,Wall Street: Luxury 3 bed/2.5 bath
10279830,https://www.airbnb.com/rooms/10279830,Central District 2 BR with parking
1956553,https://www.airbnb.com/rooms/1956553,Urban Farm & Solar-Powered Home
7396508,https://www.airbnb.com/rooms/7396508,"TL ""Vermont"": newly renovated 1 bed"
6272065,https://www.airbnb.com/rooms/6272065,Cosy Central District room
7072218,https://www.airbnb.com/rooms/7072218,"Cozy, Modern 1BR in Capitol Hill"
7075948,https://www.airbnb.com/rooms/7075948,Modern townhome  in great location
7543458,https://www.airbnb.com/rooms/7543458,Charming 1 bedrm in Central Seattle
3769336,https://www.airbnb.com/rooms/3769336,Cozy one bedroom Garden Cottage
8666707,https://www.airbnb.com/rooms/8666707,Mid-Century Mdrn by Famous Archit.
7205443,https://www.airbnb.com/rooms/7205443,Stylish Central District 2 Bedroom
193371,https://www.airbnb.com/rooms/193371,New Convenient E Capitol Hill House
9957555,https://www.airbnb.com/rooms/9957555,Charming Central Seattle House
6795678,https://www.airbnb.com/rooms/6795678,Stylish & Cozy Apt in Urban Seattle
9300972,https://www.airbnb.com/rooms/9300972,Chic Luxurious Room Near Cap Hill
8047522,https://www.airbnb.com/rooms/8047522,The Chalet: Modern 2 bed craftsman
9457328,https://www.airbnb.com/rooms/9457328,Central located Garden Apartment
6576006,https://www.airbnb.com/rooms/6576006,Modern Townhouse near Capitol Hill
7971334,https://www.airbnb.com/rooms/7971334,Quiet artsy bedroom near everything
1984962,https://www.airbnb.com/rooms/1984962,Discounted Monthly RATES Jan & Feb
9292039,https://www.airbnb.com/rooms/9292039,Large 1BR Apt Central Dist/Cap Hill
6661617,https://www.airbnb.com/rooms/6661617,Brand New Townhouse w/Rooftop Deck!
8848854,https://www.airbnb.com/rooms/8848854,Entire House Close to Downtown & UW
3251069,https://www.airbnb.com/rooms/3251069,Madrona Basement Walk-Out Suite
4111137,https://www.airbnb.com/rooms/4111137,Central District's Central Digs
4760472,https://www.airbnb.com/rooms/4760472,"1BD Apt near Downtown, UW, Cap Hill"
8968925,https://www.airbnb.com/rooms/8968925,Modern large home close to downtown
3293438,https://www.airbnb.com/rooms/3293438,1BR apt in cute 1904 Victorian
9210978,https://www.airbnb.com/rooms/9210978,cosy house in central seattle
3319386,https://www.airbnb.com/rooms/3319386,Modern Suite with Cozy Sitting Room
7717813,https://www.airbnb.com/rooms/7717813,Sun filled Madrona cottage
5578943,https://www.airbnb.com/rooms/5578943,Madrona Studio w/Private Entrance
7660932,https://www.airbnb.com/rooms/7660932,Chic detached studio/apt in Madrona
4271221,https://www.airbnb.com/rooms/4271221,"Spectacular view, great location."
6358605,https://www.airbnb.com/rooms/6358605,Spacious 1920's room w/huge windows
1439237,https://www.airbnb.com/rooms/1439237,Beautiful Madrona Large Private  
7775167,https://www.airbnb.com/rooms/7775167,Lake Views and Bald Eagle sightings
7437784,https://www.airbnb.com/rooms/7437784,Cozy Private Home near the Lake #2
9628972,https://www.airbnb.com/rooms/9628972,Room in quite central district home
8425013,https://www.airbnb.com/rooms/8425013,Madrona Family Home
6925807,https://www.airbnb.com/rooms/6925807,"Cozy,light filled, large 2 bedroom"
7400955,https://www.airbnb.com/rooms/7400955,Charming Victorian Central Seattle
8174389,https://www.airbnb.com/rooms/8174389,Classic Seattle / Central+Madrona
6292452,https://www.airbnb.com/rooms/6292452,Modern Home in the heart of Seattle
9095668,https://www.airbnb.com/rooms/9095668,1 BR Apartment by Lake Washington
413733,https://www.airbnb.com/rooms/413733,Chill Central District 2BR
8783900,https://www.airbnb.com/rooms/8783900,Modern Comfort in a Sweet Location
639130,https://www.airbnb.com/rooms/639130,Fabulous home for a family!
2484067,https://www.airbnb.com/rooms/2484067,Cozy Private Home near the Lake #1
3533112,https://www.airbnb.com/rooms/3533112,Charming Seattle Urban Studio
2249292,https://www.airbnb.com/rooms/2249292,Charming Apartment in Madrona
7838294,https://www.airbnb.com/rooms/7838294,Retreat like home in the woods
6133354,https://www.airbnb.com/rooms/6133354,Awesome Studio In Heart of Seattle
7987836,https://www.airbnb.com/rooms/7987836,Industrial comfortable studio loft
9910025,https://www.airbnb.com/rooms/9910025,Newly remodeled spacious apartment
7364024,https://www.airbnb.com/rooms/7364024,Madison Valley Triplex
9362082,https://www.airbnb.com/rooms/9362082,Madrona Craftsman
8847108,https://www.airbnb.com/rooms/8847108,Cozy Cottage in Madrona
7462428,https://www.airbnb.com/rooms/7462428,Room in great house near downtown
4370312,https://www.airbnb.com/rooms/4370312,Comfy Craftsman with Mountain View
4053972,https://www.airbnb.com/rooms/4053972,Sweet and Cozy Madrona Apartment
6209191,https://www.airbnb.com/rooms/6209191,"Beautiful home, minutes to Downtown"
10123910,https://www.airbnb.com/rooms/10123910,180Â° Lake & Mtn View Home!
6412858,https://www.airbnb.com/rooms/6412858,Charming Craftsman in Madrona
3987838,https://www.airbnb.com/rooms/3987838,Madrona Casita
7027507,https://www.airbnb.com/rooms/7027507,Airy room with stellar views
6587443,https://www.airbnb.com/rooms/6587443,Guest Suite with Private Entrance
10204689,https://www.airbnb.com/rooms/10204689,"Madrona, 1 bedroom apt"
1029680,https://www.airbnb.com/rooms/1029680,Bungalow 3 BR home in Madrona
7208439,https://www.airbnb.com/rooms/7208439,Seattle Above Lake Washington
8327765,https://www.airbnb.com/rooms/8327765,Charming Madrona Home
3953611,https://www.airbnb.com/rooms/3953611,Seattle: Private Luxury 1BD Suite
2584354,https://www.airbnb.com/rooms/2584354,Cozy home for world travelers
4574700,https://www.airbnb.com/rooms/4574700,"Perfect for families, best location"
5685646,https://www.airbnb.com/rooms/5685646,Garden suite with incredible views
977722,https://www.airbnb.com/rooms/977722,serene apartment close to UW
2931922,https://www.airbnb.com/rooms/2931922,"2 Baths W/D,View walk UW (302)"
8253955,https://www.airbnb.com/rooms/8253955,Amazing English Tudor Home Near UW
6426462,https://www.airbnb.com/rooms/6426462,Private bath walk UW U Village(202)
8154238,https://www.airbnb.com/rooms/8154238,UW Hacker House - 2nd flr 2p U
5020861,https://www.airbnb.com/rooms/5020861,cozy balcony apt one block to UW 
9611409,https://www.airbnb.com/rooms/9611409,Cozy oasis in vibrant neighborhood
9282348,https://www.airbnb.com/rooms/9282348,A bedroom close to UW
8939306,https://www.airbnb.com/rooms/8939306,The Greek Island Room w/ Breakfast
5423692,https://www.airbnb.com/rooms/5423692,Cozy Room Near UW
9159975,https://www.airbnb.com/rooms/9159975,Spacious Cozy Home by UW Lake Union
7561272,https://www.airbnb.com/rooms/7561272,French Country Room w/Breakfast
7326419,https://www.airbnb.com/rooms/7326419,Craftsman in University District
9373607,https://www.airbnb.com/rooms/9373607,Cozy Loft Bed Near UW and Downtown
6717555,https://www.airbnb.com/rooms/6717555,1 Bedroom by UW for Summer Rental
8939433,https://www.airbnb.com/rooms/8939433,The Southwestern Room w/ Breakfast
8939503,https://www.airbnb.com/rooms/8939503,The British Room w/ Breakfast
8742753,https://www.airbnb.com/rooms/8742753,Private room 1 min from UW
8939687,https://www.airbnb.com/rooms/8939687,The Seattle Room w/Breakfast
3793406,https://www.airbnb.com/rooms/3793406,Roosevelt / Ravenna Retreat Apt.
9134196,https://www.airbnb.com/rooms/9134196,"Studio Apt with patio, #105"
6007267,https://www.airbnb.com/rooms/6007267,1BD Apt. in University District
3422894,https://www.airbnb.com/rooms/3422894,Sunny rooftop U district studio!
3630581,https://www.airbnb.com/rooms/3630581,Center UW Comfy Quiet & View (302)
9394508,https://www.airbnb.com/rooms/9394508,Steps to UW Wood Floor Remodeled 12
7348578,https://www.airbnb.com/rooms/7348578,Elegant Tangerine Room w/Breakfast
8869680,https://www.airbnb.com/rooms/8869680,Great Location HEART of UW Studio
7678429,https://www.airbnb.com/rooms/7678429,650 sqft 1 bed 1 bath apt
2979387,https://www.airbnb.com/rooms/2979387,UNIVERSITY DISTRC CHARMER (Sleep10)
1531458,https://www.airbnb.com/rooms/1531458,Remodeled Walk to UW/View/Serene #F
1549973,https://www.airbnb.com/rooms/1549973,Spacious Fast Internet Walk to UW43
1123977,https://www.airbnb.com/rooms/1123977,Lovely 1 bedroom apartment
5719631,https://www.airbnb.com/rooms/5719631,Steps to UW spacious New carpet 33
9580209,https://www.airbnb.com/rooms/9580209,"2 Baths W/D,View walk UW (302)"
9364220,https://www.airbnb.com/rooms/9364220,Studio Apt w/ Patio - #B02
9663221,https://www.airbnb.com/rooms/9663221,"Center UW, Comfy, Quiet &View (217)"
9636952,https://www.airbnb.com/rooms/9636952,Center UW Blast Internet New #101
8594059,https://www.airbnb.com/rooms/8594059,Sweet Family Home near UW
6278756,https://www.airbnb.com/rooms/6278756,Master Bedroom in 3BD Apartment
3679617,https://www.airbnb.com/rooms/3679617,"Center UW, Comfy, Clean &View (204)"
9416551,https://www.airbnb.com/rooms/9416551,"Center UW, Comfy, Quiet &View (303)"
8322107,https://www.airbnb.com/rooms/8322107,Cozy 1bed apartment in the U-Dist
9511676,https://www.airbnb.com/rooms/9511676,Cozy room in the U-District
3158243,https://www.airbnb.com/rooms/3158243,"Spacious,modernU Village W/D (304) "
8327124,https://www.airbnb.com/rooms/8327124,Ideal for Family Reunions/Getaways
4311078,https://www.airbnb.com/rooms/4311078,Ravenna Craftsman - 4 Bdrm by UW!
3329962,https://www.airbnb.com/rooms/3329962,"Super comfortable, UW (44)"
3263071,https://www.airbnb.com/rooms/3263071,New carpet Walk to UW. Quiet Top 50
7302675,https://www.airbnb.com/rooms/7302675,Apt In University District w/ View
6250399,https://www.airbnb.com/rooms/6250399,Center UW Comfy Wood Floor (216)
7387294,https://www.airbnb.com/rooms/7387294,Spacious Room in the U District
7363462,https://www.airbnb.com/rooms/7363462,The Pink Room w/Breakfast
6796336,https://www.airbnb.com/rooms/6796336,A duplex near U district!
8156894,https://www.airbnb.com/rooms/8156894,UW Hacker House - 2nd flr 4p 2L
1150519,https://www.airbnb.com/rooms/1150519,Classic Craftsman - 95 Walk Score!
5969872,https://www.airbnb.com/rooms/5969872,U-District/Ravenna Townhouse Room
9617068,https://www.airbnb.com/rooms/9617068,Modern apt with vintage flair
4438188,https://www.airbnb.com/rooms/4438188,Great Location Near the University
1521633,https://www.airbnb.com/rooms/1521633,"3 Min walk to UW, Large Quiet (51)"
6623079,https://www.airbnb.com/rooms/6623079,Small&cozy place to stay in Seattle
7561254,https://www.airbnb.com/rooms/7561254,The Yellow Room w/Breakfast
3494608,https://www.airbnb.com/rooms/3494608,Bright Remodeled Basement Apartment
3085726,https://www.airbnb.com/rooms/3085726,Across St. UW Tower Hotel Deca 206
2256124,https://www.airbnb.com/rooms/2256124,The perfect home base in U-District
7071021,https://www.airbnb.com/rooms/7071021,Center UW Quiet Comfy shortwalk 308
9465815,https://www.airbnb.com/rooms/9465815,Nice bedroom close to UW and bus
6938103,https://www.airbnb.com/rooms/6938103,Comfortable Room Near UW
6913414,https://www.airbnb.com/rooms/6913414,3 BR/1 BA Seattle Cottage
3706719,https://www.airbnb.com/rooms/3706719,Center UW Comfy Quiet & View (306)
8174626,https://www.airbnb.com/rooms/8174626,UW Studio Apartment
1571230,https://www.airbnb.com/rooms/1571230,Center UW Blast Internet New #102
4270642,https://www.airbnb.com/rooms/4270642,Remodeled wood Floor walk to UW 101
5407311,https://www.airbnb.com/rooms/5407311,Serene W/D  walk toUW/U Village 404
9976135,https://www.airbnb.com/rooms/9976135,Cute room right by express lane
9558353,https://www.airbnb.com/rooms/9558353,Center UW Blast Internet New #102
7247767,https://www.airbnb.com/rooms/7247767,Deluxe Room/Full Bath in U District
7035077,https://www.airbnb.com/rooms/7035077,Small room w. mattress close to DT
7353834,https://www.airbnb.com/rooms/7353834,Center UW Good WiFi Comfy 217
9319891,https://www.airbnb.com/rooms/9319891,Private bath walk UW U Village(202)
6575407,https://www.airbnb.com/rooms/6575407,Room with Downtown Seattle Views!
7550234,https://www.airbnb.com/rooms/7550234,Blue Nautical Room w/Breakfast
8939736,https://www.airbnb.com/rooms/8939736,The Fireplace Room w/Breakfast
7247720,https://www.airbnb.com/rooms/7247720,Standard room with 3/4 bath by UW
1786923,https://www.airbnb.com/rooms/1786923,Interns-New available Walk to UW 41
7649837,https://www.airbnb.com/rooms/7649837,"Clean, New, Upscale Studio Near UW"
3610724,https://www.airbnb.com/rooms/3610724,Cozy Apartment near UW 
7988337,https://www.airbnb.com/rooms/7988337,Charming 1920s Unit in U-District
1773803,https://www.airbnb.com/rooms/1773803,View Emerald City Jewel Apt UW 1BD
7536074,https://www.airbnb.com/rooms/7536074,Seattle Green House Aprtment Campus
3770248,https://www.airbnb.com/rooms/3770248,"Center UW, Convenient  Comfy  (212)"
9097754,https://www.airbnb.com/rooms/9097754,Architects' Garden Retreat
3291295,https://www.airbnb.com/rooms/3291295,Sunny 1BR Apt in the U District
8171726,https://www.airbnb.com/rooms/8171726,4BD/1BA Townhouse Close to UW
10031055,https://www.airbnb.com/rooms/10031055,The Herbal U
8939595,https://www.airbnb.com/rooms/8939595,The Parisian Room w/ Breakfast
8155580,https://www.airbnb.com/rooms/8155580,UW Hacker House- 2nd flr 2p L
6705584,https://www.airbnb.com/rooms/6705584,Remodeled Hardwood 3 min walk UW 37
1417880,https://www.airbnb.com/rooms/1417880,Center UW 2 beds large Quiet  (210)
7245692,https://www.airbnb.com/rooms/7245692,"Private bedroom & bathroom, parking"
7153101,https://www.airbnb.com/rooms/7153101,New Spacious Private Home UW Lake U
9014572,https://www.airbnb.com/rooms/9014572,Cozy private room very close to UW
585418,https://www.airbnb.com/rooms/585418,"Quiet Stayâ€”UW, UDistrict, UVillage"
4484426,https://www.airbnb.com/rooms/4484426,"2 Baths W/D,View,  Walk UW (402)"
3291777,https://www.airbnb.com/rooms/3291777,Spacious and so close to UW (34)
3096191,https://www.airbnb.com/rooms/3096191,View Walk to UW Village 2B 2B (402)
9865846,https://www.airbnb.com/rooms/9865846,Cozy Duplex Near UW
6249536,https://www.airbnb.com/rooms/6249536,Center UW Comfy  New kitchen 103
5744931,https://www.airbnb.com/rooms/5744931,University District One Bedroom
8156764,https://www.airbnb.com/rooms/8156764,UW Hacker House - 2nd flr 4p 1L
3303857,https://www.airbnb.com/rooms/3303857,"Cool, Fast WIFI walk to UW (14) "
8155710,https://www.airbnb.com/rooms/8155710,UW Hacker House - 2nd flr 4p 1U
3843706,https://www.airbnb.com/rooms/3843706,Charming Ravenna Park / UW  3br 2ba
8156860,https://www.airbnb.com/rooms/8156860,UW Hacker House - 2nd flr 4p 2U
9316399,https://www.airbnb.com/rooms/9316399,Cozy and central in the U District
293890,https://www.airbnb.com/rooms/293890,"Cozy, Spacious 2 BD in Roosevelt"
7915432,https://www.airbnb.com/rooms/7915432,Townhouse in the U-District
7501583,https://www.airbnb.com/rooms/7501583,Remodeled Craftsman in Seattle
10126050,https://www.airbnb.com/rooms/10126050,Unfurnished Studio in GREAT locatio
7807658,https://www.airbnb.com/rooms/7807658,Top Floor Corner Apt-Downtown View
1589461,https://www.airbnb.com/rooms/1589461,Hardwood Clean Quiet Walk to UW (52
9303530,https://www.airbnb.com/rooms/9303530,2 Ba/2 Br Fast Wifi Walk to UW (35)
7809718,https://www.airbnb.com/rooms/7809718,University District Oasis!
140331,https://www.airbnb.com/rooms/140331,Metrobilly Retreat
9462315,https://www.airbnb.com/rooms/9462315,Luxury bedroom in Madison Park
565703,https://www.airbnb.com/rooms/565703,Garden Apartment in Madison Valley
1147349,https://www.airbnb.com/rooms/1147349,Cute Lower-Level 1 Bd. Apartment
7262358,https://www.airbnb.com/rooms/7262358,Modern and Comfortable Suite
723723,https://www.airbnb.com/rooms/723723,BAMBOO BUNGALOW 
4757025,https://www.airbnb.com/rooms/4757025,Charming and Private-AAA Location
3334052,https://www.airbnb.com/rooms/3334052,Convenient E Capitol Hill Studio!
7036707,https://www.airbnb.com/rooms/7036707,Madison Valley Garden Cottage
5272327,https://www.airbnb.com/rooms/5272327,Mini-apt Seattle w/ bkyard oasis!
3921664,https://www.airbnb.com/rooms/3921664,Cozy Suite Near Capitol Hill & Lake
9974658,https://www.airbnb.com/rooms/9974658,Bleu Papillon Room
2727984,https://www.airbnb.com/rooms/2727984,Classic Seattle
794633,https://www.airbnb.com/rooms/794633,Guest House in Madison Valley
3959442,https://www.airbnb.com/rooms/3959442,"Modern Studio, Lovely Neighborhood"
6761267,https://www.airbnb.com/rooms/6761267,Cherry Hill Carriage House
6824408,https://www.airbnb.com/rooms/6824408,Home near downtown Seattle
2526129,https://www.airbnb.com/rooms/2526129,Central Seattle Home + Garden
7859906,https://www.airbnb.com/rooms/7859906,Modern Room Close To All the Action
9636248,https://www.airbnb.com/rooms/9636248,Large 1B condo w/views Capitol Hill
4623541,https://www.airbnb.com/rooms/4623541,"Spacious 2BR/2.5 bath, gr8 location"
1970725,https://www.airbnb.com/rooms/1970725,"Private entrance, great location"
4418480,https://www.airbnb.com/rooms/4418480,Be Close to Everything on The Hill
911001,https://www.airbnb.com/rooms/911001,Beautiful Town Home - Capitol Hill
6670332,https://www.airbnb.com/rooms/6670332,Peaceful home in S. Capitol Hill
1249060,https://www.airbnb.com/rooms/1249060,1BR Apt w/ Kitchen & Huge Backyard
1566487,https://www.airbnb.com/rooms/1566487,Modern/Minimalist Apt next2 dwntown
9711153,https://www.airbnb.com/rooms/9711153,Lovely Cottage; Heart of Seattle.
444221,https://www.airbnb.com/rooms/444221,Cozy Bedroom @ Cherry Hill House
1018204,https://www.airbnb.com/rooms/1018204,Back Cabin Loft @ Cherry Hill House
4856986,https://www.airbnb.com/rooms/4856986,Three Floors & Rooftop Deck Central
2130652,https://www.airbnb.com/rooms/2130652,"Lovely 2BR Central, quiet, parking!"
5524530,https://www.airbnb.com/rooms/5524530,Special Events Venue and Guesthouse
9216874,https://www.airbnb.com/rooms/9216874,Modern Central District Townhouse
7971395,https://www.airbnb.com/rooms/7971395,Nice Private bedroom Near Downtown
2593263,https://www.airbnb.com/rooms/2593263,Spring Street Center Room 2
443580,https://www.airbnb.com/rooms/443580,Sweet Cabin @ the Cherry Hill House
1614502,https://www.airbnb.com/rooms/1614502,"Artistic home, free parking"
4477426,https://www.airbnb.com/rooms/4477426,Chef's Luxurious Townhouse
7648716,https://www.airbnb.com/rooms/7648716,Central Dist King Bd & Ensuite Bath
9696912,https://www.airbnb.com/rooms/9696912,Quietude near downtown w/ parking
3585592,https://www.airbnb.com/rooms/3585592,Urban Loft in Trendy Capitol Hill
3757858,https://www.airbnb.com/rooms/3757858,Share - Geeks Paradise 
7219838,https://www.airbnb.com/rooms/7219838,Residential Area Near Cap Hill
6022715,https://www.airbnb.com/rooms/6022715,The Thrifter Central District 2Bed
7685745,https://www.airbnb.com/rooms/7685745,"Cozy Home near Stadiums, Downtown"
4565370,https://www.airbnb.com/rooms/4565370,The Reading Room at The Farmhouse
4783817,https://www.airbnb.com/rooms/4783817,Sunny Capitol Hill Room in 4plex
2593176,https://www.airbnb.com/rooms/2593176,Spring Street Center Room 4
3143227,https://www.airbnb.com/rooms/3143227,Spring Street Center Room 1 
1214306,https://www.airbnb.com/rooms/1214306,Private Bed/bath in Home: green (A)
9448215,https://www.airbnb.com/rooms/9448215,Capital hill
9369481,https://www.airbnb.com/rooms/9369481,Capital hilll Victorian
3533224,https://www.airbnb.com/rooms/3533224,Cozy Room in Seattle
443736,https://www.airbnb.com/rooms/443736,Private studio apartment with deck
6675927,https://www.airbnb.com/rooms/6675927,Contemporary Urban - Master Bedroom
1772119,https://www.airbnb.com/rooms/1772119," Cherry Hill Cozy, Budget Loft-Bed "
7808495,https://www.airbnb.com/rooms/7808495,Near Seattle University on Cap Hill
4539948,https://www.airbnb.com/rooms/4539948,Cozy Private Loft Apt with Balcony
7768727,https://www.airbnb.com/rooms/7768727,Perfect Escape in Heart of Seattle
769213,https://www.airbnb.com/rooms/769213,Private Garden Apt w/ Soaking Tub
5328449,https://www.airbnb.com/rooms/5328449,Spectacular View on Capitol Hill
1763809,https://www.airbnb.com/rooms/1763809,Spring Street Center Room 3
1499596,https://www.airbnb.com/rooms/1499596,Architect award-winning modern home
4737727,https://www.airbnb.com/rooms/4737727,Peaceful Room in Central Seattle
8242212,https://www.airbnb.com/rooms/8242212,Beautiful modern retreat
8186781,https://www.airbnb.com/rooms/8186781,Charming Capitol Hill House.
7229015,https://www.airbnb.com/rooms/7229015,Private room/bath just for you!
5814207,https://www.airbnb.com/rooms/5814207,Cozy Condo Close to Everything!
2274086,https://www.airbnb.com/rooms/2274086,Beautiful private Capitol Hill room
4387985,https://www.airbnb.com/rooms/4387985,Cozy 2BD Seattle Home w/ Hot Tub
9909445,https://www.airbnb.com/rooms/9909445,Seattle Studio Retreat
7664899,https://www.airbnb.com/rooms/7664899,2 private bedrooms in modern house
4773614,https://www.airbnb.com/rooms/4773614,Charming 1 bedroom in Capitol Hill
3946674,https://www.airbnb.com/rooms/3946674,The Corner Room at The Farmhouse
8616488,https://www.airbnb.com/rooms/8616488,Capitol Hill Pine St. 98 walk score
7518316,https://www.airbnb.com/rooms/7518316,"Modern home, in Capitol Hill!"
5259194,https://www.airbnb.com/rooms/5259194,"Fun/Cool House on Cap Hill, Bdrm #1"
9256702,https://www.airbnb.com/rooms/9256702,Spacious loft apt centrally located
9240289,https://www.airbnb.com/rooms/9240289,Single Bedroom in cap hill/CD
2032805,https://www.airbnb.com/rooms/2032805,Victorian Charm on Cherry Hill
3751503,https://www.airbnb.com/rooms/3751503,Geeks Paradise 
7581974,https://www.airbnb.com/rooms/7581974,Central District Simple Clean Queen
6558980,https://www.airbnb.com/rooms/6558980,Brand New Modern Townhome
2399736,https://www.airbnb.com/rooms/2399736,"Spacious Lovely 2BR, Quiet, Parking"
8674765,https://www.airbnb.com/rooms/8674765,Quaint modern studio in Cap Hill
6004165,https://www.airbnb.com/rooms/6004165,Private 420 Studio near downtown
1826155,https://www.airbnb.com/rooms/1826155,"Seattle ""Sweet Suite"" Cherry Hill "
4857192,https://www.airbnb.com/rooms/4857192,Central Dist Townhome  2 Twin Bed/s
7748905,https://www.airbnb.com/rooms/7748905,Central District Get-a-way
973859,https://www.airbnb.com/rooms/973859, BY Downtown*Universities*Hospitals
6716380,https://www.airbnb.com/rooms/6716380,Spacious 2BR - prime time location
7953211,https://www.airbnb.com/rooms/7953211,Central area home w/large backyard
5241773,https://www.airbnb.com/rooms/5241773,"Cool/Fun House on Cap Hill, Bdrm #2"
3144597,https://www.airbnb.com/rooms/3144597,Sweet room near Capitol Hill!
7698916,https://www.airbnb.com/rooms/7698916,Capitol Hill Master Bedroom
7305969,https://www.airbnb.com/rooms/7305969,"Walkable, private Capitol Hill room"
5069495,https://www.airbnb.com/rooms/5069495,Neat & Roomy Photography Studio
1817878,https://www.airbnb.com/rooms/1817878,The Central in Seattle
4430381,https://www.airbnb.com/rooms/4430381,Seattle Turret House (Apt 5)
6528192,https://www.airbnb.com/rooms/6528192,Cozy Attic Apartment
3177005,https://www.airbnb.com/rooms/3177005,In the thick of things....
4430233,https://www.airbnb.com/rooms/4430233,Seattle Turret House (Apt 3)
670009,https://www.airbnb.com/rooms/670009,Sunny 3BDhome near Downtown Seattle
4577542,https://www.airbnb.com/rooms/4577542,Stylish 2-Level Capitol Hill Flat
6764646,https://www.airbnb.com/rooms/6764646,Historic Capitol Hill home
4256705,https://www.airbnb.com/rooms/4256705,"Comfortable, convenient,roof access"
8812578,https://www.airbnb.com/rooms/8812578,Modern Sanctuary
341454,https://www.airbnb.com/rooms/341454,Seattle Turret House (Apt 4)
8195629,https://www.airbnb.com/rooms/8195629,"Cozy, Capitol Hill, Classic 1920s"
2577625,https://www.airbnb.com/rooms/2577625,Cute 1BD in Capitol Hill
555858,https://www.airbnb.com/rooms/555858,Luxury Studio near Downtown Seattle
4814811,https://www.airbnb.com/rooms/4814811,Bright Modern Room near Downtown
9484823,https://www.airbnb.com/rooms/9484823,Capital hill attic
660603,https://www.airbnb.com/rooms/660603,"room w/ private entrance, full bath"
3940265,https://www.airbnb.com/rooms/3940265,Private Bed/Bath in Home: blue (B)
7500976,https://www.airbnb.com/rooms/7500976,Calm and Cozy Urban Oasis
9516608,https://www.airbnb.com/rooms/9516608,Modern 4BR/3.5BA Near Downtown
9712716,https://www.airbnb.com/rooms/9712716,Central & quiet - close to downtown
5813657,https://www.airbnb.com/rooms/5813657,Large 4- Bed House In Ideal Seattle
8884826,https://www.airbnb.com/rooms/8884826,Happy Central Seattle Townhouse
1978743,https://www.airbnb.com/rooms/1978743,"Arty ""Cedar Tree"" Room  Cherry Hill"
6091789,https://www.airbnb.com/rooms/6091789,Family Friendly House July 20-27
6165353,https://www.airbnb.com/rooms/6165353,"Spacious, Sunlit Capitol Hill Home"
1244053,https://www.airbnb.com/rooms/1244053,Private Room in Capitol Hill
8508223,https://www.airbnb.com/rooms/8508223,The Parsonage: Modern 3bed/3.5bath
6991188,https://www.airbnb.com/rooms/6991188,The Marion Flat on Cherry Hill
7344117,https://www.airbnb.com/rooms/7344117,"SUPER TALL, 5-Level Loft, 2200sf"
9506766,https://www.airbnb.com/rooms/9506766,"California Modern, Open & Friendly"
6451305,https://www.airbnb.com/rooms/6451305,A Walkers Paradise in Capitol Hill!
7531405,https://www.airbnb.com/rooms/7531405,Private Bed/Bath in Modern Townhome
9612147,https://www.airbnb.com/rooms/9612147,2BR/1Bath near Seattle University
666897,https://www.airbnb.com/rooms/666897,LovelyCottage near Downtown Seattle
4061051,https://www.airbnb.com/rooms/4061051,Private Floor in Sleek Modern House
3394338,https://www.airbnb.com/rooms/3394338,Folksy Garden Studio
4238106,https://www.airbnb.com/rooms/4238106,Sweet City Space
7350059,https://www.airbnb.com/rooms/7350059,Capitol Hill - Walk Score 91
5262750,https://www.airbnb.com/rooms/5262750,Seclusion in the HEART of Seattle
2802844,https://www.airbnb.com/rooms/2802844,Room in award-winning modern home
3123632,https://www.airbnb.com/rooms/3123632,Capitol Hill Condo Walk Everywhere!
3024336,https://www.airbnb.com/rooms/3024336,Sparkling Modern Seattle Home
8652185,https://www.airbnb.com/rooms/8652185,Charming Seattle Home Near Downtown
10192213,https://www.airbnb.com/rooms/10192213,Stunning studio in trendy house
3970736,https://www.airbnb.com/rooms/3970736,Central Cozy private full 1 BR+ apt
4546924,https://www.airbnb.com/rooms/4546924,1 Bed+Den Eco-Retreat
2760901,https://www.airbnb.com/rooms/2760901,"Lovely Cottage, Walk to Pike/Pine"
3490239,https://www.airbnb.com/rooms/3490239,Perfect Family Vacation Home in SEA
3416217,https://www.airbnb.com/rooms/3416217,Sweet retreat in central Seattle!
5537833,https://www.airbnb.com/rooms/5537833,Squire Park Lady 2-bed modern home
8372562,https://www.airbnb.com/rooms/8372562,Luxury Lakeside Home with Views!
8866960,https://www.airbnb.com/rooms/8866960,Cozy Creative Room - Private Bath
3354614,https://www.airbnb.com/rooms/3354614,Charming Madrona 1 Bedroom
8953857,https://www.airbnb.com/rooms/8953857,TOP FLOOR of ENGLISH TUDOR MANSION
7093738,https://www.airbnb.com/rooms/7093738,Ted's modern home - Master room
5277900,https://www.airbnb.com/rooms/5277900,Lovely home close to town and lake
1171574,https://www.airbnb.com/rooms/1171574,Private Entrance and Central
1818754,https://www.airbnb.com/rooms/1818754,2 BR/2 BA Modern House
74328,https://www.airbnb.com/rooms/74328,Spacious Designer Condo
6728017,https://www.airbnb.com/rooms/6728017,Fantastic modern home in Leschi
2612399,https://www.airbnb.com/rooms/2612399,Studio Loft Garden Cottage
2515795,https://www.airbnb.com/rooms/2515795,"Lovely family home, stunning views"
7093910,https://www.airbnb.com/rooms/7093910,Ted's modern home - 2nd master room
4170863,https://www.airbnb.com/rooms/4170863,Mother in Law Apartment- Queen Bed
7941079,https://www.airbnb.com/rooms/7941079,Blue room in Sunny Seattle
1442973,https://www.airbnb.com/rooms/1442973,Kitschy Central District w/ Hot Tub
4396961,https://www.airbnb.com/rooms/4396961,"Grey Room, Seattleâ€™s Best"
5859152,https://www.airbnb.com/rooms/5859152,New remodel. Chef's kitchen. A/C
8555794,https://www.airbnb.com/rooms/8555794,Master Suite in Townhome
2112625,https://www.airbnb.com/rooms/2112625,Be a Guest in this Perfect Townhome
8814802,https://www.airbnb.com/rooms/8814802,Private Room near Lake Washington!
8273948,https://www.airbnb.com/rooms/8273948,Secluded Apartment in Leschi
319768,https://www.airbnb.com/rooms/319768,Family Friendly Modern Seattle Home
1961671,https://www.airbnb.com/rooms/1961671,Madrona 3BR/ 2BA Charming Craftsman
3691288,https://www.airbnb.com/rooms/3691288,Centrally Located 3bd/2.5ba Home
8703557,https://www.airbnb.com/rooms/8703557,Classical Sealle leafy street
8525338,https://www.airbnb.com/rooms/8525338,Modern Seattle Townhome
8049470,https://www.airbnb.com/rooms/8049470,Lake Washington view on Bus 27 line
1455908,https://www.airbnb.com/rooms/1455908,"Convenient 2 BR, 10min to Downtown"
8525825,https://www.airbnb.com/rooms/8525825,Master with on suite bathroom
3463245,https://www.airbnb.com/rooms/3463245,Private Studio Apt in Madrona
4172364,https://www.airbnb.com/rooms/4172364,Blue Room
3728802,https://www.airbnb.com/rooms/3728802,Madrona Urban Oasis-Views & Space!!
6512378,https://www.airbnb.com/rooms/6512378,Quiet Place in a Busy City
785830,https://www.airbnb.com/rooms/785830,Seattle View Home Near Lake/Downtow
8616606,https://www.airbnb.com/rooms/8616606,Modern 2BR/2BA in Heart of Seattle
5078244,https://www.airbnb.com/rooms/5078244,Private room heart of Seattle!
7921278,https://www.airbnb.com/rooms/7921278,The Nest
8016610,https://www.airbnb.com/rooms/8016610,Cute 2 BR/1 BA in Central Seattle
4468524,https://www.airbnb.com/rooms/4468524,Yellow Room is Top Floor Top Notch!
8424532,https://www.airbnb.com/rooms/8424532,Ideal Home for Small Reunions
6990882,https://www.airbnb.com/rooms/6990882,Modern charm in heart of Seattle
4017140,https://www.airbnb.com/rooms/4017140,Bed & Bath + Garden Oasis = Peace
